"0","library(tidyverse)"
"2","[37mâ”€â”€ [1mAttaching packages[22m â”€â”€â”€â”€â”€â”€â”€â”€â”€â”€â”€â”€â”€â”€â”€â”€â”€â”€â”€â”€â”€â”€â”€â”€â”€â”€â”€â”€â”€â”€â”€â”€â”€â”€â”€â”€â”€â”€â”€â”€â”€â”€â”€â”€â”€â”€â”€â”€â”€â”€â”€â”€â”€â”€â”€â”€â”€â”€â”€â”€â”€â”€â”€â”€â”€â”€â”€â”€â”€â”€â”€â”€â”€â”€â”€â”€ tidyverse 1.2.1 â”€â”€[39m
"
"2","[37m[32mâœ”[37m [34mtibble [37m 1.4.1     [32mâœ”[37m [34mpurrr  [37m 0.2.4
[32mâœ”[37m [34mtidyr  [37m 0.7.2     [32mâœ”[37m [34mstringr[37m 1.2.0
[32mâœ”[37m [34mreadr  [37m 1.1.1     [32mâœ”[37m [34mforcats[37m 0.2.0[39m
"
"2","[37mâ”€â”€ [1mConflicts[22m â”€â”€â”€â”€â”€â”€â”€â”€â”€â”€â”€â”€â”€â”€â”€â”€â”€â”€â”€â”€â”€â”€â”€â”€â”€â”€â”€â”€â”€â”€â”€â”€â”€â”€â”€â”€â”€â”€â”€â”€â”€â”€â”€â”€â”€â”€â”€â”€â”€â”€â”€â”€â”€â”€â”€â”€â”€â”€â”€â”€â”€â”€â”€â”€â”€â”€â”€â”€â”€â”€â”€â”€â”€â”€â”€â”€â”€â”€â”€ tidyverse_conflicts() â”€â”€
[31mâœ–[37m [34mdplyr[37m::[32marrange()[37m   masks [34mplyr[37m::arrange()
[31mâœ–[37m [34mpurrr[37m::[32mcompact()[37m   masks [34mplyr[37m::compact()
[31mâœ–[37m [34mdplyr[37m::[32mcount()[37m     masks [34mplyr[37m::count()
[31mâœ–[37m [34mdplyr[37m::[32mfailwith()[37m  masks [34mplyr[37m::failwith()
[31mâœ–[37m [34mdplyr[37m::[32mfilter()[37m    masks [34mstats[37m::filter()
[31mâœ–[37m [34mdplyr[37m::[32mid()[37m        masks [34mplyr[37m::id()
[31mâœ–[37m [34mdplyr[37m::[32mlag()[37m       masks [34mstats[37m::lag()
[31mâœ–[37m [34mdplyr[37m::[32mmutate()[37m    masks [34mplyr[37m::mutate()
[31mâœ–[37m [34mdplyr[37m::[32mrecode()[37m    masks [34mcar[37m::recode()
[31mâœ–[37m [34mdplyr[37m::[32mrename()[37m    masks [34mplyr[37m::rename()
[31mâœ–[37m [34mpurrr[37m::[32msome()[37m      masks [34mcar[37m::some()
[31mâœ–[37m [34mdplyr[37m::[32msummarise()[37m masks [34mplyr[37m::summarise()
[31mâœ–[37m [34mdplyr[37m::[32msummarize()[37m masks [34mplyr[37m::summarize()[39m
"
"0","library(vegan)"
"2","Loading required package: permute
"
"2","Loading required package: lattice
"
"2","This is vegan 2.5-2
"
"0","library(lmtest)"
"0","library(car)"
"0","library(coefplot2)"
"2","Error in library(coefplot2) : there is no package called â€˜coefplot2â€™
"
